COLONIA_ORIGINAL_SUCIA,COLONIA_CORREGIDA_MAESTRA
1RO DE JULIO,1RO DE JULIO
22 DE SEPTIEMBRE,22 DE SEPTIEMBRE
26 DE OCTUBRE,26 DE OCTUBRE
10 DE MAYO,4 DE MARZO
14 DE MARZO,4 DE MARZO
4 DE MARZO,4 DE MARZO
5 DE MAYO,4 DE MARZO
"5 DE MAYO SECTOR ""A""","5 DE MAYO SECTOR ""A"""
ACACIA RESIDENCIAL,ACACIAS RESIDENCIAL
ARCADIA RESIDENCIAL,ACACIAS RESIDENCIAL
CASIA RESIDENCIAL,ACACIAS RESIDENCIAL
FRACC.DALLAS RESIDENCIAL,ACACIAS RESIDENCIAL
ADOLFO DE LA HUERTA,ADOLFO DE LA HUERTA
INV. ADOLFO LOPEZ DE LA HUERTA,ADOLFO DE LA HUERTA
INVASION ADOLFO DE LA HUERTA,ADOLFO DE LA HUERTA
A. LOPEZ MATEOS,ADOLFO LOPEZ MATEOS
ADOLFO LOPEZ MATEOS,ADOLFO LOPEZ MATEOS
INVASION ADOLFO LOPEZ MATEOS,ADOLFO LOPEZ MATEOS
AEROPUERTO,AEROPUERTO
AGAVES RESIDENCIAL,AGAVES RESIDENCIAL
AKIWIKI,AKIWIKI
ALAMEDA,ALAMEDA
ALCATRAZ\BAHIA DE KINO,ALCATRAZ\BAHIA DE KINO
ALEGRANZA RESIDENCIAL,ALEGRANZA RESIDENCIAL
ALONDRAS RESIDENCIAL,ALONDRAS RESIDENCIAL
ALTA CALIFORNIA RESIDENCIAL,ALTA CALIFORNIA RESIDENCIAL
ALTA CALIFORNIA RESIDENCIAL SECC CORONADO,ALTA CALIFORNIA RESIDENCIAL
CALIFORNIA RESIDENCIAL,ALTA CALIFORNIA RESIDENCIAL
CALIFORNIA RESIDENCIAL CDA CORDOBA,ALTA CALIFORNIA RESIDENCIAL
CALIFORNIA RESIDENCIAL CDA SARATOGA,ALTA CALIFORNIA RESIDENCIAL
CALIFORNIA RESIDENCIAL SANTA ROSA,ALTA CALIFORNIA RESIDENCIAL
CALIFORNIA RESIDENCIAL SECC MARQUEZ,ALTA CALIFORNIA RESIDENCIAL
CALIFORNIA RESIDENCIAL SECC. SANTA MARTHA,ALTA CALIFORNIA RESIDENCIAL
CALIFORNIA RESIDENCIAL SECCION SANTA ROSA,ALTA CALIFORNIA RESIDENCIAL
LA CORUÑA RESIDENCIAL,ALTA CALIFORNIA RESIDENCIAL
VALLE SANTA MONICA,ALTA MONACO
VALLE SANTA MÓNICA,ALTA MONACO
ALTA FIRENZE RESIDENCIAL,ALTAFIRENZE RESIDENCIAL
ALTAMIRA,ALTAMIRA
CATABIÑA,ALTAMIRA
FRACCIONAMIENTO PALMEIRA,ALTAMIRA
ALTADENA,ALTARES
ALTARES,ALTARES
ALTARES II,ALTARES
AMPLIACION ALTARES,ALTARES
INVASION ALTARES,ALTARES
INVASION ALTARES 3,ALTARES
ALCALA RESIDENCIAL,ALTARIA RESIDENCIAL
ALCALÁ RESIDENCIAL,ALTARIA RESIDENCIAL
ALTARIA RESIDENCIAL,ALTARIA RESIDENCIAL
ALTARIA RESIDENCIAL SECC. NAPOLES,ALTARIA RESIDENCIAL
GALA RESIDENCIAL,ALTARIA RESIDENCIAL
ALTO VALLE,ALTO VALLE
ALTO VALLE SECTOR A,ALTO VALLE
ALTOS DE ARAGON,ALTOS DE ARAGON
ALFREDO NORIEGA,ALVARO OBREGON
ALVARO OBREGON,ALVARO OBREGON
ÁLVARO OBREGÓN,ALVARO OBREGON
AMAPOLA NORTE,AMAPOLAS
AMAPOLAS,AMAPOLAS
EXTENCION 4 DE MARZO,AMPLIACIN 4 DE MARZO
ALCATRACES,AMPLIACION ALCATRACES
FRACC. CANTERAS,AMPLIACION ALCATRACES
INVASION ALCATRACES,AMPLIACION ALCATRACES
ANDALUCIA,ANDALUCIA
ANDALUCÍA,ANDALUCIA
ANGEL FLORES,ANGEL FLORES
ANGELES CERRADA MIXCOAC,ANGELES CERRADA MIXCOAC
ANTARA RESIDENCIAL,ANTARA RESIDENCIAL
ANTORCHA CAMPESINA,ANTARA RESIDENCIAL
CANTABRIA RESIDENCIAL,ANTARA RESIDENCIAL
APOLO,APOLO
NAPOLES,APOLO
ARANDANOS RESIDENCIAL,ARANDANOS RESIDENCIAL
ARANDAS RESIDENCIAL,ARANDANOS RESIDENCIAL
VALLE DE ARANDAS RESIDENCIAL,ARANDANOS RESIDENCIAL
ARANJUEZ RESIDENCIAL,ARANJUEZ RESIDENCIAL
ARBOLEDAS,ARBOLEDAS
ARCADIA,ARCADIA
ARCADIA SECC. NAPOLES,ARCADIA SECC. NAPOLES
ARCO IRIS,ARCO IRIS
PLUTARCO ELIAS,ARCO IRIS
ARTESANOS\BAHIA DE KINO,ARTESANOS\BAHIA DE KINO
ASTURIAS RESIDENCIAL,ASTURIAS RESIDENCIAL
RIOJAS RESIDENCIAL,ASTURIAS RESIDENCIAL
ZASAFRAS RESIDENCIAL,ASTURIAS RESIDENCIAL
ATARDECERES,ATARDECERES
LOS ATARDECERES,ATARDECERES
ARAGON RESIDENCIAL,AUREA RESIDENCIAL
AZORES RESIDENCIAL,AZORES RESIDENCIAL
NAZAREO RESIDENCIAL,AZORES RESIDENCIAL
BACHOCO,BACHOCO
BAGALONA,BADALONA
FRACCIONAMIENTO ALONDRAS,BADALONA
RESIDENCIAL ALONDRA,BADALONA
BAHIA DE KINO,BAHIA DE KINO
BAHÍA DE KINO,BAHÍA DE KINO
BAHÍA DE KINO NUEVO,BAHÍA DE KINO NUEVO
BALDERRAMA,BALDERRAMA
BANUS,BANUS
BANUS II,BANUS
BARCELONA RESIDENCIAL,BARCELONA RESIDENCIAL
BARRIO CHULO,BARRIO CHULO
BARRIO DE LA CRUZ\BAHIA DE KINO,BARRIO DE LA CRUZ\BAHIA DE KINO
BELLA VISTA,BELLA VISTA
ALBERTO GUTIERREZ,BENITO JUAREZ
BENITO JUAREZ,BENITO JUAREZ
BENITO JUÁREZ,BENITO JUAREZ
BERNARDO ESQUEDA,BERNARDO ESQUEDA
BICENTENARIO,BICENTENARIO
BICENTENARIO 1810,BICENTENARIO
BICENTENARIO 1910,BICENTENARIO
BONILLA,BILBAO
BONANZA,BONANZA
FRACCIONAMIENTO BONANZA,BONANZA
RESIDENCIAL SANTERRA,BONATERRA
RIO SECO,BOSCO
BUENA VENTURA,BUENA VISTA
BUENA VISTA,BUENA VISTA
BUENAVENTURA,BUENA VISTA
BUENA VISTA SECCION AMANECERES,BUENA VISTA SECCION AMANECER
BUENOS AIRES,BUENOS AIRES
BUGAMBILIA,BUGAMBILIAS
CAJEME,CAJEME
CALIFORNIA SECCION MARQUEZA,CALIFORNIA ETAPA V
CALIFORNIA SECC. SACRAMENTO,CALIFORNIA PRIVADA MONTEBELLO
CALIFORNIA RESIDENCIAL SECC. SANTA MONICA,CALIFORNIA PRIVADA SANTA MONICA
CALIFRONIA RESIDENCIAL CERRADA SANTA ROSA,CALIFORNIA PRIVADA SANTA MONICA
CERRADA SANTA MONICA,CALIFORNIA PRIVADA SANTA MONICA
CERRADA SANTA MONICA CALIFORNIA,CALIFORNIA PRIVADA SANTA MONICA
SECCION SANTA MONICA,CALIFORNIA PRIVADA SANTA MONICA
CAMINO REAL,CAMINO REAL
CAMINO REAL MISION,CAMINO REAL
RAMON CORRAL,CAMINO REAL
CAMINO DEL SERI,CAMINO REAL DEL NORTE
CAMINO REAL DEL NORTE,CAMINO REAL DEL NORTE
CAMPANARIO,CAMPANARIO
CAMPESTRE LOS BAGOTES,CAMPESTRE LOS BAGOTES
CAMPO GRANDE SEGUNDA CERRADA GOLD WARER,CAMPO GRANDE SEGUNDA CERRADA GOLD WARER
CANTERAS RESIDENCIAL,CANTERAS RESIDENCIAL
CEZANNE RESIDENCIAL,CANTERAS RESIDENCIAL
SANTERRA RESIDENCIAL,CANTERAS RESIDENCIAL
CAPERUZO,CAPERUZO
EL CAPERUZO,CAPERUZO
CARDENO 2,CARDENO 2
CADIZ RESIDENCIAL,CARDENO RESIDENCIAL
CAMPOGRANDE RESIDENCIAL,CARDENO RESIDENCIAL
CARDENAS RESIDENCIAL,CARDENO RESIDENCIAL
FRACC. CARDENO RESIDENCIAL,CARDENO RESIDENCIAL
PRIVADA CARDENO RESIDENCIAL,CARDENO RESIDENCIAL
CARMEN SERDAN,CARMEN SERDAN
CARMEN SERDÁN,CARMEN SERDAN
CARNAVALITO\BAHIA DE KINO,CARNAVALITO\BAHIA DE KINO
CASA ALTA RDCIAL,CASA ALTA RDCIAL
ACASSIA BLANCA,CASA BLANCA
CASA BLANCA,CASA BLANCA
PRIV. CASA BLANCA,CASA BLANCA
CASA BONITA RESIDENCIAL,CASA BONITA RESIDENCIAL
CASA GRANDE,CASA GRANDE
CAMPO LA FLORIDA,CASA LINDA
CASA LINDA,CASA LINDA
CASA SOLARI,CASERIO SOLAR
CATALINAS RESIDENCIAL,CATALINAS RESIDENCIAL
CATAVIÑA RESIDENCIAL,CATAVIÑA RESIDENCIAL
CANADA DE LOS NEGROS,CAÑADA DE LOS NEGROS
CAÑADA DE LOS NEGROS,CAÑADA DE LOS NEGROS
CENTENARIO,CENTENARIO
CENTENARIO ISTESSON,CENTENARIO
CENTRAL DE ABASTOS,CENTRAL DE ABASTOS
CARDENO,CENTRO
CENTRO,CENTRO
CENTRO NORTE,CENTRO
MEGACENTRO,CENTRO
"CENTRO SUR, MERCADO","CENTRO SUR, MERCADO"
CERRADA NORWALK,CERRADA CORONADO
CORONADO,CERRADA CORONADO
CCUCURPE,CERRADA CUCURPE
CERRADA CUCURPE,CERRADA CUCURPE
CERRADA KUKAPA,CERRADA CUCURPE
CUCURPE,CERRADA CUCURPE
CERRADA ROBLES,CERRADA DE CORTES
CERRADA DEL CID,CERRADA DE LA CAPILLA
FRACC. DE LA CAPILLA,CERRADA DE LA CAPILLA
CENTRO\BAHIA DE KINO,CERRADA DE MINAS
CERRADA DE MINAS,CERRADA DE MINAS
CERRADA LA VEREDAS,CERRADA DE MINAS
CERRADA MILAN,CERRADA DE MINAS
CERRADA PIMAS,CERRADA DE MINAS
CERRADA DEL ANGEL,CERRADA DEL ANGEL
CERRADA DIAMANTE,CERRADA DEL ANGEL
CERRADA ANDALUCIA,CERRADA SAN IGNACIO
RANCHO SAN IGNACIO,CERRADA SAN IGNACIO
RESIDENCIAL RANCHO SAN IGNACIO,CERRADA SAN IGNACIO
CERRADA 940,CERRO 04
CERRO,CERRO 04
CERRO DE LA CAMPANA,CERRO DE LA CAMPANA
CERRO DE LA CRUZ,CERRO DE LA CAMPANA
CERRO LA CAMPANA,CERRO DE LA CAMPANA
CHANATE,CHANATE
CHINO ABELARDO,CHINO ABELARDO
CHOYAL,CHOYAL
CHULA VISTA,CHULA VISTA
CUEVITAS,CHULA VISTA
LAS VISTA,CHULA VISTA
CINCO DE MAYO,CINCO DE MAYO
MOLINO DE CAMOU,CINCO DE MAYO
CNOP,CNOP
COLINA BLANCA,COLINA BLANCA
COLONA BLANCA,COLINA BLANCA
COLINAS DE SAN JAVIER,COLINAS DE SAN JAVIER
COLINA DEL VALLE,COLINAS DEL SOL
COLINAS DEL BACHOCO,COLINAS DEL SOL
COLINAS DEL SOL,COLINAS DEL SOL
COLINAS DEL VALLE,COLINAS DEL SOL
FRACCIONAMIENTO COLINAS DEL VALLE,COLINAS DEL SOL
OFICINAS FEDERALES,COLINAS DEL SOL
CIMA RESIDENCIAL,COLINAS RESIDENCIAL
COLINAS II,COLINAS RESIDENCIAL
CORCITA RESIDENCIAL,COLINAS RESIDENCIAL
CORSICA RESIDENCIAL,COLINAS RESIDENCIAL
QUINTAS RESIDENCIAL,COLINAS RESIDENCIAL
COLONIA RURAL,COLONIA RURAL
COLOSO ALTA,COLOSO ALTO
EL COLOSO ALTO,COLOSO ALTO
AMPLIACION COLOSIO,COLOSO BAJO
COLOSO NORTE,COLOSO BAJO
COLOSO ORIENTE,COLOSO BAJO
INVASION COLOSIO,COLOSO BAJO
CAFE  COMBATE,COMBATE
CAFE COMBATE,COMBATE
CAFE COMBRATE,COMBATE
COMERCIAL CEDROS,COMERCIAL CEDROS
CAMPESTRE RESIDENCIAL,COMPOSTELA RESIDENCIAL
COMPOSTELA RESIDENCIAL,COMPOSTELA RESIDENCIAL
SECCION CORDOVA RESIDENCIAL,CONCORDIA RESIDNCIAL
CONDESA,CONDESA
CONDOMINIOS SAN PABLO,CONDOMINIOS INN
RESIDENCIAL CONDOMINAL,CONDOMINIOS INN
CONQUISTADORES,CONQUISTADORES
CONSTITUCIÓN,CONSTITUCION
CORCELES SECC ALTER REAL,CORCELES SECC ALTER REAL
VILLA DE LOS CORCELES SECC. ARDENES,CORCELES SECC ARDENES
RESIDENCIAL CORDOBA,CORDOBA RDCIAL
CORDOBA RESIDENCIAL,CORONADO RESIDENCIAL
CORCICA,CORSICA
CORUÑA,CORSICA
CORTIJO PERIODISTAS,CORTIJO SECCION PERIODISTAS
CORTIJO PERODISTA,CORTIJO SECCION PERIODISTAS
CORTIJO SECCION PERIODISTAS,CORTIJO SECCION PERIODISTAS
EL CORTIJO PERIODISTA,CORTIJO SECCION PERIODISTAS
CORTIJO SECCION PIONEROS,CORTIJO SECCION PIONEROS
EL CORTIJO SECCION PIONEROS,CORTIJO SECCION PIONEROS
EL CORTIJO UNISON,CORTIJO UNISON
COSTA DEL SOL,COSTA DEL SOL
COSTA DEL SOL 2DA ETAPA,COSTA DEL SOL
PUESTA DEL SOL,COSTA DEL SOL
VISTA DEL SOL,COSTA DEL SOL
COUNTRY CLUB,COUNTRY CLUB
CRUZ GALVEZ,CRUZ GALVEZ
CRUZ GÁLVEZ,CRUZ GÁLVEZ
CUARTEL 15A,CUARTEL PITIC
CUARTEL PITIC,CUARTEL PITIC
CUARTEL XV,CUARTEL PITIC
CUCURPE II,CUARTEL PITIC
CUARTEL XX CAFE COMBATE,CUARTEL XX CAFE COMBATE
CUARTEL XX CAFÉ COMBATE,CUARTEL XX CAFÉ COMBATE
CUATRO OLIVOS,CUATRO OLIVOS
LA CUATRO OLIVOS,CUATRO OLIVOS
MARGARITAS OLIVOS,CUATRO OLIVOS
CUAUHTEMOC,CUAUHTEMOC
CUAUHTÉMOC,CUAUHTEMOC
CUMBRES RESIDENCIAL,CUMBRES RESIDENCIAL
DEL BOSQUE,DEL BOSQUE
EJIDO  EL BUEY,DEL BOSQUE
EJODO EL BUEY,DEL BOSQUE
EL BUEY,DEL BOSQUE
DEL RAZO,DEL RAZO
PRIVADA DEL REAL,DEL RAZO
FRACCIONAMIENTO MIRAMONTES,DIAMANTE
MIRAMONTES,DIAMANTE
DILIGENCIAS,DILIGENCIAS
LAS DILIGENCIAS,DILIGENCIAS
DUNAS,DUNAS
INV. MAQUENAS,DUNAS
EJIDO CARRILLO MARCOT,EJIDO CARRILLO MARCOT
EJIDO EL CHANATE,EJIDO EL CHANATE
EJIDO EL CHOYUDO,EJIDO EL CHOYUDO
EJIDO EL ZACATON,EJIDO EL ZACATON
EJIDO LA HABANA,EJIDO LA HABANA
EJIDO LA PEAÑA,EJIDO LA PEAÑA
EJIDO MINERO DE PILARES,EJIDO MINERO DE PILARES
EJIDO PLAN DE AYALA,EJIDO PLAN DE AYALA
EJIDO SAN BARTOLO,EJIDO SAN BARTOLO
EJIDO ZAMORA,EJIDO ZAMORA
EL 33,EL 33
LA PALOMA RESIDENCIAL 4,EL ALAMO RESIDENCIAL
LA PALOMA RESIDENCIAL I,EL ALAMO RESIDENCIAL
LA PALOMA RESIDENCIAL II,EL ALAMO RESIDENCIAL
CERRO APACHE,EL APACHE
EL APACHE,EL APACHE
EL CHAPARRAL,EL CHAPARRAL
EL CHATARRAL,EL CHATARRAL
EL CONQUISTADOR,EL CONQUISTADOR
TELEFONISTA,EL CONQUISTADOR
EL DORADO I,EL DORADO
EL EJIDO LA YESCA,EL EJIDO LA YESCA
EL ENCANTO,EL ENCANTO
EL JITO,EL JITO
INV. TEPITO,EL JITO
TEPITO,EL JITO
EL LLANITO,EL LLANITO
EL LLANO,EL LLANO
LLANO,EL LLANO
EL MALECON,EL MALECON
EL MALECÓN,EL MALECON
EL REALENGO,EL MALECON
MALECON,EL MALECON
EL MARIACHI,EL MARIACHI
EL MIRADOR,EL MIRADOR
FRACCIONAMIENTO EMPERADOR,EL MIRADOR
INVASIÓN EL MIRADOR,EL MIRADOR
MIRADOR,EL MIRADOR
PRIVADA DEL MIRADOR I,EL MIRADOR
EJ. EL TRIUNFITO,EL RANCHITO
EL RANCHITO,EL RANCHITO
EL TRIUNFITO,EL RANCHITO
INV. PROLONGACION RANCHITO,EL RANCHITO
INVASION EL RANCHITO,EL RANCHITO
RANCHITO,EL RANCHITO
EL CHOYUDO,EL RECODO
EL COLOSO,EL RECODO
EL RECODO,EL RECODO
RESIDENCIAL DEL CID,EL RECODO
LORETO,EL SECRETO
EL TORREON,EL TORREON
EL TRONCONAL,EL TORREON
EMILIANO ZAPATA,EMILIANO ZAPATA
EN LA INVASION 3 REYNAS,EN LA INVASION 3 REYNAS
ENCINOS 2,ENCINOS 2
EQUIPAMIENTO EDUCATIVO,EQUIPAMIENTO EDUCATIVO
EL ESPLENDOR,ESPLENDOR
EL ESPLENDOR 2,ESPLENDOR
ESPLENDOR 3 ETAPA,ESPLENDOR
ESPLENDOR TRES,ESPLENDOR
ESTACION ZAMORA,ESTACION ZAMORA
EUSEBIO KINO,EUSEBIO KINO
EUSEBIO KINO-ISSSTESON,EUSEBIO KINO
EXT. COLOSIO,EXT. COLOSIO
FEROCARRILERA,FERROCARRILERA
FERROCARRILERA,FERROCARRILERA
FIRENZE,FIRENZE
BENEI RESIDENCIAL,FIRENZE RESIDENCIAL
CIRENSE RESIDENCIAL,FIRENZE RESIDENCIAL
FIRENZE RESIDENCIAL,FIRENZE RESIDENCIAL
ESTANZA SECCION TORREALBA,FLORESTA SECCION CIPRES
"FLORESTA SECCION ""VILLA CIRUELOS""",FLORESTA SECCION CIPRES
FLORESTA SECCION CIPRES,FLORESTA SECCION CIPRES
FLORESTA SECCION SAUCES,FLORESTA SECCION CIPRES
FLORESTA SECCION VILLA ALMENDRAS,FLORESTA SECCION VILLA ALMENDRAS
FLORESTA VILLA ALMENDRAS,FLORESTA SECCION VILLA ALMENDRAS
FONAPO,FONAPO
FONHAPO,FONAPO
FOVISSSTE,FOVISSSTE
FRAC. TOPACIO,FRAC. TOPACIO
CASA REAL,FRACCIONAMIENTO CASA REAL
FRACCIONAMIENTO CASA REAL,FRACCIONAMIENTO CASA REAL
PASEO REAL,FRACCIONAMIENTO CASA REAL
OASIS PINACATE,FRACCIONAMIENTO OASIS SANTA FE
OASIS SANTA FE,FRACCIONAMIENTO OASIS SANTA FE
OASIS SECC PINACATE,FRACCIONAMIENTO OASIS SANTA FE
OASIS SOLERA,FRACCIONAMIENTO OASIS SOLERA
FRANCISCO E. KINO ISSSTESON,FRANCISCO EUSEBIO KINO
FRANCISCO ROMERO,FRANCISCO ROMERO
FRANCISCO ROMERO (INVACION ),FRANCISCO ROMERO
FRANSICO ROMERO,FRANCISCO ROMERO
HECTOR FRANCISCO ROMERO,FRANCISCO ROMERO
FRANCISCO VILLA,FRANCISCO VILLA
FUENTE DANZANTE,FUENTE DANZANTE
FUENTE  DE PIEDRA,FUENTE DE PIEDRA
FUENTE CIBELES,FUENTE DE PIEDRA
FUENTE DE PIEDRA,FUENTE DE PIEDRA
FUENTES DEL CENTENARIO,FUENTES DEL CENTENARIO
EL MEZQUITE,FUENTES DEL MEZQUITAL
FUENTES DE MEZQUITAL,FUENTES DEL MEZQUITAL
FUENTES DEL MEZQUITAL,FUENTES DEL MEZQUITAL
GABY PEREYRA,GABY PEREYRA
GALA  3,GALA 2
GALA 3,GALA 2
GALA II,GALA III
GENOVA RESIDENCIAL,GENOVA RESIDENCIAL
GUAYACAN,GUAYACAN
INV COYOACAN,GUAYACAN
INVASION GUAYACAN,GUAYACAN
HACIENDA DE LA FLOR,HACIENDA DE LA FLOR
HACIENDAS DE LA FLOR,HACIENDA DE LA FLOR
HACIENDA DE LOS TESOROS,HACIENDA DEL SOL
HACIENDA DEL SOL,HACIENDA DEL SOL
HACIENDA LOS ALCATRACES,HACIENDA LOS ALCATRACES
HACIENDA LOS LIRIOS,HACIENDA LOS ALCATRACES
HACIENDA LOS TESOROS,HACIENDA LOS ALCATRACES
HACIENDAS LOS FRESNOS,HACIENDA LOS ALCATRACES
HACIENDA RESIDENCIAL,HACIENDA RESIDENCIAL
HACIENDA RESIDENCIAL CONDOMINAL,HACIENDA RESIDENCIAL
HACIENDAS RESIDENCIAL,HACIENDA RESIDENCIAL
LAS HACIENDAS RESIDENCIAL,HACIENDA RESIDENCIAL
HACIENDA EL ANGAR,HACIENDAS DEL SUR
HACIENDA SAN MIGUEL,HACIENDAS DEL SUR
HACIENDAS CAMPESTRE,HACIENDAS DEL SUR
HACIENDAS DEL SUR,HACIENDAS DEL SUR
HACIENDAS REAL DEL 14,HACIENDAS DEL SUR
HEBERTO CASTILLO,HEBERTO CASTILLO
HERMOSA PROVINCIA,HERMOSA PROVINCIA
HOYO DE BONILLAS,HOYO DE BONILLAS
HUAREQUI,HUAREQUI
HUMBERTO GUTIERRES (LAS CUEVITAS),HUMBERTO GUTIERRES (LAS CUEVITAS)
HUMBERTO GUTIERREZ,HUMBERTO GUTIERREZ
INALAMBRICA,INALAMBRICA
INAVSION LAS COSECHAS,INAVSION LAS COSECHAS
INDECO CENTENARIO,INDECO CENTENARIO
MODELO CENTRO,INDECO CENTENARIO
INSURGENTES,INSURGENTES
CARRETERA INTERNACIONAL,INTERNACIONAL
INTERNACIONAL,INTERNACIONAL
LA INTERNACIONAL,INTERNACIONAL
INV. PLUTARCO ELIAS CALLE,INV. PLUTARCO ELIAS CALLE
INVACION INSURGENTES 4 ETAPA,INVACION INSURGENTES 4 ETAPA
INVACION LOS LIRIOS O TEPITO,INVACION LOS LIRIOS O TEPITO
INVACION NUEVO SONORA,INVACION NUEVO SONORA
INVACION SAMUEL RIO VARELA,INVACION SAMUEL RIO VARELA
INVASION 3 REYNAS III,INVASION 3 REYNAS III
GIRASOLES,INVASION GIRASOLES
INVASION PLUTARCO ELIAS CALLES,INVASION PLUTARCO ELIAS CALLES
INVASIÓN EL CHAPARRAL,INVASIÓN EL CHAPARRAL
ISSSTE,ISSSTE
ISSSTE FEDERAL,ISSSTE
ISSSTESON CENTENARIO,ISSSTESON CENTENARIO
ISSSTESON COLEGIO LUX,ISSSTESON CENTENARIO
ISSSTESON NORTE,ISSSTESON CENTENARIO
ARÁNDANOS,JACARANDAS
JACINTO LOPEZ,JACINTO LOPEZ
ARDENEZ,JARDINES
JARDINES,JARDINES
LOS JARDINES,JARDINES
JARDINES DE MONACO,JARDINES DE MONACO
JARDINES DE MÓNACO,JARDINES DE MONACO
JEREZ DEL VALLE,JEREZ DEL VALLE
JESUS GARCIA,JESUS GARCIA
JESÚS GARCIA,JESUS GARCIA
JORGE VALDEZ JIULLERAT,JORGE VALDEZ MUÑOZ
JORGE VALDEZ MUÑOZ,JORGE VALDEZ MUÑOZ
KINO NUEVO,KINO NUEVO
KINO VIEJO,KINO VIEJO
ANTORCHA .,LA ANTORCHA
EL ANTORCHA,LA ANTORCHA
INVACION ANTORCHA,LA ANTORCHA
INVASION LA ANTORCHA,LA ANTORCHA
L LA ANTORCHA,LA ANTORCHA
LA ANTORCHA,LA ANTORCHA
LA ANTORCHA 2,LA ANTORCHA
LA ANTORCHA CAMPESINA,LA ANTORCHA
LA HANTORCHA,LA ANTORCHA
CAMPIÑA,LA CAMPIÑA
LA CAMPANA,LA CAMPIÑA
LA CAMPINA,LA CAMPIÑA
LA CAMPIÑA,LA CAMPIÑA
CARIDAD,LA CARIDAD
LA CARIDAD,LA CARIDAD
MONACO PRIVADAS RESIDENCIALES,LA CAÑADA PRIVADA RESIDENCIAL
MÓNACO PRIVADA RESIDENCIAL,LA CAÑADA PRIVADA RESIDENCIAL
LA CHOLLA,LA CHOLLA
LA COLLA,LA CHOLLA
CAFE COMBATE II,LA CIMA II
CIMA II,LA CIMA II
LAS LOMAS PRIVADA LAS LOMAS,LA CORUÑA SECCION  PRIVADA ALMAR
COLONIA LAS COSECHAS,LA COSECHA NORTE
LAS COSECHAS,LA COSECHA NORTE
FRACC. LA CAÑADA,LA ENCANTADA
LA CAÑADA,LA ENCANTADA
LA ENCANTADA,LA ENCANTADA
LA VENTANA,LA ENCANTADA
RESIDENCIAL LA CAÑADA,LA ENCANTADA
RESIDENCIAL LA ENCANTADA,LA ENCANTADA
FLORESTA,LA FLORESTA
LA FLORESTA SECC CEIBA,LA FLORESTA SECC CEIBA
FLORESTA VILLA FRESNOS,LA FLORESTA SECC VILLA FRESNOS
LA FLORESTA SECC VILLA FRESNOS,LA FLORESTA SECC VILLA FRESNOS
LA VENTANA SECC. LA REJA,LA FLORESTA SECC VILLA FRESNOS
LA HUERTA,LA HUERTA
LA JOYA,LA JOLLA
LA JOYA I VILLAS DE LOS ZAFIROS,LA JOLLA SECCION VILLA DE LOS DIAMANTES
LA JOYA VILLA DE LOS DIAMANTES,LA JOLLA SECCION VILLA DE LOS DIAMANTES
LA LENGÜETA,LA LENGUETA
EJIDO LA MANGA,LA MANGA
EL NOGAL,LA MANGA
LA MANGA,LA MANGA
LA MATANZA,LA MATANZA
CAFETALES,LA METALERA
LA METALERA,LA METALERA
METALERA,LA METALERA
INV LA COSECHA,LA MOSCA
LA COSECHA,LA MOSCA
LA MOSCA,LA MOSCA
LA YESCA,LA MOSCA
LA RIOJA,LA RIOJA
FRACCIONAMIENTO DE LAS VEREDAS,LA VERBENA
LA VEBENA,LA VERBENA
LA VERBENA,LA VERBENA
LA VERBENEA,LA VERBENA
LAS VEREDAS,LA VERBENA
RESIDENCIAL VERONA,LA VERBENA
VERBENA,LA VERBENA
VERONA,LA VERBENA
LA VICTORIA COLONIA PUNTA BELLA,LA VICTORIA COLONIA PUNTA BELLA
AMPLIACION LADRILLERAS,LADRILLERAS
AMPLIACIÓN LADRILLERAS,LADRILLERAS
COL LADRILLERA,LADRILLERAS
LADRILLERA,LADRILLERAS
LA ALAMEDA,LAS ALAMEDAS
LAS AVES,LAS AVES
LAS CARRETAS,LAS CARRETAS
LAS FLORES,LAS FLORES
LA GRANJA LOPEZ,LAS GRANJAS
LAS GRANJAS,LAS GRANJAS
LAS ISABELES,LAS ISABELES
LAS LADRILLERAS,LAS LADRILLERAS
LAS GLORIAS,LAS LOMAS
LAS L OMAS,LAS LOMAS
LAS LOMAS,LAS LOMAS
LASLOMAS,LAS LOMAS
LOS LOMAS,LAS LOMAS
LAS LOMAS DEL SOL,LAS LOMAS DEL SOL
LAS LOMAS DEL SUR,LAS LOMAS DEL SOL
LAS LOMAS DUMAS,LAS LOMAS DEL SOL
LAS LOMAS ETAPA 2,LAS LOMAS DEL SOL
LOS LAGOS SECC. LAGO ESCONDIDO,LAS LOMAS SECC ALMENDROS
LAS LOMAS SECC CASTANOS,LAS LOMAS SECC CASTAÑOS
LAS LOMAS SECC CASTAÑOS,LAS LOMAS SECC CASTAÑOS
LAS LOMAS SECC. SEC,LAS LOMAS SECC CASTAÑOS
LAS LOMAS SECCION LOS MANZANOS,LAS LOMAS SECC LOS MANZANOS
LAS LOMAS SECCIÓN LOS MANZANOS,LAS LOMAS SECC LOS MANZANOS
LA CIMA SECCION II,LAS LOMAS SECCION BONITA
LAS LOMAS SECC BONITA,LAS LOMAS SECCION BONITA
LAS LOMAS SECC BONITA 1,LAS LOMAS SECCION BONITA
LAS LOMAS SECCION BONITA 2,LAS LOMAS SECCION BONITA
LAS LOMAS SECCIÓN BONITA,LAS LOMAS SECCION BONITA
ALTARES SECCION FRANCISCANOS,LAS LOMAS SECCION PARAISO
LA CAMPINA SECCION GIRASOLES,LAS LOMAS SECCION PARAISO
LAS LOMAS SECCIÓN EL PARAÍSO,LAS LOMAS SECCION PARAISO
LAS LOMAS SECCIÓN SEC,LAS LOMAS SECCION PARAISO
HACIENDA LAS MINITAS,LAS MINITAS
LA MINITAS,LAS MINITAS
LAS MINITAS,LAS MINITAS
EN LAS PALMITAS,LAS PALMAS
LAS PALMAS,LAS PALMAS
LAS PICHONERAS,LAS PILAS
LAS PILAS,LAS PILAS
EJIDO LAS PLACIITAS,LAS PLACITAS
EJIDO LAS PLACITAS,LAS PLACITAS
HACIENDA LAS PLACITAS,LAS PLACITAS
LAS PLACITAS,LAS PLACITAS
LAS PLACITAS SECC. II,LAS PLACITAS
SECCION LAS PLACITAS,LAS PLACITAS
SECCION PLACITAS,LAS PLACITAS
LAS PLAZAS,LAS PLAZAS
INVASION LAS PEREDAS 2,LAS PRADERAS
INVASION LAS PEREDAS 3,LAS PRADERAS
LA HERRADURA,LAS PRADERAS
LA PONDEROSA,LAS PRADERAS
LAS PEREDAS,LAS PRADERAS
LAS PEREDAS 2,LAS PRADERAS
LAS PRADERAS,LAS PRADERAS
LAS PRADERAS IV,LAS PRADERAS
LAS PRADERAS NORTE,LAS PRADERAS
LAS PRADERAS SUR,LAS PRADERAS
LAS PÉREDAS,LAS PRADERAS
PRADERAS,LAS PRADERAS
LAS PROVINCIAS,LAS PROVINCIAS
LAS PROVINCIAS SECC. SALAMANCA,LAS PROVINCIAS
LAS COLINAS,LAS QUINTAS
LAS CUEVITAS,LAS QUINTAS
LAS QUINTAS,LAS QUINTAS
LAS TORRES,LAS TORRES
3 REYNAS,LAS TRES REYNAS
INN. TRES REYNAS,LAS TRES REYNAS
INV. TRES REINAS,LAS TRES REYNAS
INVASION LAS 3 REYNAS,LAS TRES REYNAS
LAS TRES REYNAS,LAS TRES REYNAS
TRES REYES,LAS TRES REYNAS
TRES REYNAS INVASION,LAS TRES REYNAS
LAS VILLAS,LAS VILLAS
LAS VISTAS,LAS VILLAS
RESIDENCIAL SEVILLA,LAS VILLAS
LAURA ALICIA FRIAS DE LOPEZ NOGALES,LAURA ALICIA FRIAS DE LOPEZ NOGALES
LAURA ALICIA FRÍAS DE LOPEZ NOGALES,LAURA ALICIA FRIAS DE LOPEZ NOGALES
LEY 57,LEY 57
LIBERTAD,LIBERTAD
LIRIOS,LIRIOS
LIRIOS II,LIRIOS
LOS CIRIOS,LIRIOS
LLANO VERDE,LLANO VERDE
LOMA BLANCA,LOMA BLANCA
LOMA LINDA,LOMA LINDA
LOMA LINDA \ KINO VIEJO,LOMA LINDA
LAS LOMAS DE CORTES,LOMAS DE CORTEZ
LOMAS DE CORTEZ,LOMAS DE CORTEZ
LOMAS DE LINDAVISTA,LOMAS DE LINDA VISTA
LOMAS DE MADRID,LOMAS DE MADRID
LOMAS DE REFORMA,LOMAS DE REFORMA
LOMAS DE SAN GERMAN,LOMAS DE REFORMA
LA MARQUEZA,LOMAS DEL MARQUEZ
LOMAS DEL PARQUE,LOMAS DEL MARQUEZ
LAS LOMAS DEL MIRADOR,LOMAS DEL MIRADOR
LOMAS DE KINO,LOMAS DEL NORTE
MODELO NORTE,LOMAS DEL NORTE
LOMAS DEL NORTE Y PARAISO,LOMAS DEL PARAISO
MARIN PARAISO,LOMAS DEL PARAISO
LAS LOMAS DE PITIC,LOMAS DEL PITIC
LAS LOMAS DEL PITIC,LOMAS DEL PITIC
LOMAS DEL PITIC,LOMAS DEL PITIC
OASIS DEL PINACATE,LOMAS DEL PITIC
EJIDO MESA DEL SERI,LOMAS DEL SUR
LOMAS DEL RUR,LOMAS DEL SUR
LOMAS DEL SUR,LOMAS DEL SUR
MESA DEL SERI,LOMAS DEL SUR
JOSE LOPEZ PORTILLO,LOPEZ PORTILLO
LOPEZ PORTILLO,LOPEZ PORTILLO
LOPEZ PÓRTILLO,LOPEZ PORTILLO
LÓPEZ PORTILLO,LOPEZ PORTILLO
LOPEZS RIESGO,LOPEZS RIESGO
FLORENSA RESIDENCIAL,LORENZO RESIDENCIAL
FLORENZA RESIDENCIAL,LORENZO RESIDENCIAL
FRESNO RESIDENCIAL,LORENZO RESIDENCIAL
FLORESTA RESIDENCIAL,LORETO RESIDENCIAL
LORETO RESIDENCIAL,LORETO RESIDENCIAL
LOS ALAMOS,LOS ALAMOS
LOS IGUALADOS,LOS ALAMOS
LOS LAGOS,LOS ALAMOS
LOS ÁLAMOS,LOS ALAMOS
SECC ALAMOS,LOS ALAMOS
SECCION LOS ALAMOS,LOS ALAMOS
LOMAS ALTAS PERIFERIA,LOS ALTOS RESIDENCIAL
LOS ENCINOS RESIDENCIAL,LOS ALTOS RESIDENCIAL
OBISPOS RESIDENCIAL,LOS ALTOS RESIDENCIAL
LOS ANGELES,LOS ANGELES
LOS TULIPANES,LOS ANGELES
LOS ARCOS,LOS ARCOS
LOS CHOROS,LOS ARCOS
ARROYOS,LOS ARROYOS
LOS ARROYOS,LOS ARROYOS
LOS ARROYOS II,LOS ARROYOS
LOS ENCINOS I ETAPA III,LOS ENCINOS I ETAPA III
LA CAMPINA SECC GIRASOLES,LOS GIRASOLES
LOS LIRIOS INV. TEPITO,LOS LIRIOS INV. TEPITO
LOS MANANTIALES,LOS MANANTIALES
LOS MIRASOLES,LOS MIRASOLES
OASIS MIRAMONTES,LOS MIRASOLES
LOS MISIONEROS,LOS MISIONEROS
MISIONEROS,LOS MISIONEROS
LOS NARANJOS,LOS NARANJOS
AMPLIACION LOS OLIVOS,LOS OLIVOS
AMPLIACIÓN LOS OLIVOS,LOS OLIVOS
LO OLIVOS,LOS OLIVOS
LOS LIRIOS,LOS OLIVOS
LOS OLIVOS,LOS OLIVOS
LOS POLVORINES,LOS OLIVOS
LOSOLIVOS,LOS OLIVOS
OLOS OLIVOS,LOS OLIVOS
PROLONGACION LOS OLIVOS,LOS OLIVOS
LOS PINOS CAMPESTRE,LOS PINOS RDCIAL
LOS PINOS RESIDENCIAL,LOS PINOS RDCIAL
DE LOS POETAS,LOS POETAS
LOS PORTALES,LOS PORTALES
LOS ROSALES,LOS ROSALES
LOS SABINOS,LOS SABINOS
LOS VINEDOS,LOS SABINOS
SABINOS,LOS SABINOS
LOS ALTOS,LOS SANTOS
LOS FRESNOS,LOS SANTOS
RESIDENCIAL DE LOS ALTOS,LOS SANTOS
RESIDENCIAL LOS SANTOS,LOS SANTOS
LOS SAUCES,LOS SAUCES
PRIVADA DE SAUCE,LOS SAUCES
LOTE BALDIO,LOTE BALDIO 37
AMPLIACION LUIS DONALDO COLOSIO 3RA.ETAPA,LUIS DONALDO COLOSIO
AMPLIACIONL LUIS DONALDO COLOSIO 3RA.ETAPA,LUIS DONALDO COLOSIO
LUIS DONALDO COLOSIO,LUIS DONALDO COLOSIO
LOS ENCINOS,LUIS ENCINAS
LUIS ENCINAS,LUIS ENCINAS
MACHI LOPEZ,MACHI LOPEZ
MAGISTERIAL,MAGISTERIAL
MALLORCA RESIDENCIAL,MALLORCA RESIDENCIAL
MANUEL GOMEZ MORIN,MANUEL GOMEZ MORIN
MANUEL GÓMEZ MORIN,MANUEL GOMEZ MORIN
MARQUESA,MARQUESA
CASTELLO RESIDENCIAL,MARSELLA RESIDENCIAL
MARSELLA RESID.,MARSELLA RESIDENCIAL
INVASION MIGUEL VALENCIA,MARTIN VALENCIA
LUZ VALENCIA,MARTIN VALENCIA
MIGUEL VALENCIA,MARTIN VALENCIA
MARTIRES DE CANANEA,MARTIRES DE CANANEA
MÁRTIRES DE CANANEA,MARTIRES DE CANANEA
MERLOT,MERLOT
MESA VERDE,MESAVERDE
OASIS MESA VERDE,MESAVERDE
RESIDENCIAL MESA VERDE,MESAVERDE
MIGUEL ALEMAN (LA DOCE),MIGUEL ALEMAN (LA DOCE)
MIGUEL ANGEL JIMENEZ,MIGUEL ANGEL JIMENEZ
MIGUEL ALEMAN,MIGUEL HIDALGO
MIGUEL HIDALGO,MIGUEL HIDALGO
MIGUEL VALDEZ,MIGUEL HIDALGO
VILLA HIDALGO,MIGUEL HIDALGO
MILAN,MILAN
MILÁN,MILAN
MURAN,MILAN
MISION DE ANDALUCIA,MISION DE ANDALUCIA
MISION DE ANDALUCIA RES,MISION DE ANDALUCIA
MIRADOR DEL BACHOCO,MISION DEL ARCO
MISIÓN DEL ARCO,MISION DEL ARCO
DIVISION DEL NORTE,MISION DEL REAL
EJIDO EL REALITO,MISION DEL REAL
MISIÓN DEL REAL,MISION DEL REAL
MISION DEL SOL,MISION DEL SOL
MISIÓN DEL SOL,MISION DEL SOL
MISIÓN SAN IGNACIO,MISION SAN CRISTOBAL
MISSION,MISSION
MIXCOAC,MIXCOAC
MODELO,MODELO
MODELO CENTRO (GUAYMAS J. SIERRA),MODELO CENTRO (GUAYMAS J. SIERRA)
MODELO RETORNOS,MODELO RETORNOS
MODELO SUR RETORNOS,MODELO SUR RETORNOS
MONACO PRIVADAS,MONACO PRIVADAS
MAYORCA,MONARCA
MONTALBAN O CANTERAS,MONTALBAN O CANTERAS
MONTALBAN RESIDENCIAL,MONTALBAN RESIDENCIAL
MONTE ALBAN SECC. 2,MONTALBAN RESIDENCIAL
MONTEALBAN RESIDENCIAL,MONTALBAN RESIDENCIAL
MONTE BELLO RESIDENCIAL,MONTEBELLO RESIDENCIAL
MONTEBELLO RESIDENCIAL,MONTEBELLO RESIDENCIAL
MONTE CARLO,MONTECARLO
MONTECARLO,MONTECARLO
MONTECARLOS,MONTECARLO
MONTE ELENA,MONTEREAL
MONTE REAL,MONTEREAL
MONTEROSA,MONTEREAL
OASIS  MONTE REAL,MONTEREAL
OASIS MONTE REAL,MONTEREAL
OASIS MONTEREAL,MONTEREAL
OASIS MONTERREAL,MONTEREAL
MONTE SERENO,MONTESINOS
MORELOS,MORELOS
MURANO,MURANO
BURGOS PITIC RESIDENCIAL,MURANO RESIDENCIAL
MEDITERRÁNEO RESIDENCIAL,MURANO RESIDENCIAL
MURANO RESIDENCIAL,MURANO RESIDENCIAL
RIOJA NORTE RESIDENCIAL,MURANO RESIDENCIAL
NACAMERI,NACAMERI
ECONATURA,NATURA
NATURA,NATURA
RESIDENCIAL VENTURA,NATURA
NORBERTO ORTEGA,NORBERTO ORTEGA
NUEVA CASTILLA,NUEVA CASTILLA
NUEVA ESPAÑA,NUEVA ESPAÑA
ESPERANZA,NUEVA ESPERANZA
NUEVA ESPERANZA,NUEVA ESPERANZA
NUUEVA ESPERANZA.,NUEVA ESPERANZA
NUEVA GALICIA,NUEVA GALICIA
INVASION NUVA ILUSION,NUEVA ILUSION
NUEVA ILUSION,NUEVA ILUSION
NUEVA PALMIRA,NUEVA PALMIRA
EJIDO LA VICTORIA,NUEVA VICTORIA
LA NUEVA VICTORIA,NUEVA VICTORIA
LA VICTORIA,NUEVA VICTORIA
NUEVA PROVINCIA,NUEVA VICTORIA
NUEVA VICTORIA,NUEVA VICTORIA
NUEVO MEXICO,NUEVA VICTORIA
PRIVADA VICTORIA,NUEVA VICTORIA
VICTORIA,NUEVA VICTORIA
HERMOSILLO,NUEVO HERMOSILLO
NUEVO HERMAOSILLO,NUEVO HERMOSILLO
NUEVO HERMOSILLO,NUEVO HERMOSILLO
CENTRO ORIENTE,NUEVO HORIZONTE
INV. NUEVO HORIZONTE,NUEVO HORIZONTE
NUEVO HORIZONTE,NUEVO HORIZONTE
NUEVO AMANECER,NUEVO SAHUARO
NUEVO DESIERTO,NUEVO SAHUARO
NUEVO SAHUARO,NUEVO SAHUARO
NUEVO SONORA\MIGUEL ALEMAN (LA DOCE),NUEVO SONORA\MIGUEL ALEMAN (LA DOCE)
OASIS,OASIS
JOYAS DEL BACHOCO,OASIS DEL SOL
OASIS DEL SOL,OASIS DEL SOL
OASIS LANTANA,OASIS LANTANA
OASIS PALMEIRA,OASIS PALMEIRA
OASIS SOLANA,OASIS SOLANA
COLINAS,OLIVARES
OLIVARES,OLIVARES
SOLARE,OLIVARES
OPATAS,OPATAS
PALERMO RESIDENCIAL,PALERMO RESIDENCIAL
PALOMA RESIDENCIAL,PALERMO RESIDENCIAL
ALBORADA,PALMA DORADA
PALMA DORADA,PALMA DORADA
PALMAR DEL SOL,PALMAR DEL SOL
PALERMO,PALO FIERRO
PALO FIERRO,PALO FIERRO
CERRADA PALO VERDE,PALO VERDE
PALO VERDE,PALO VERDE
PALO VERDE LOS OLIVOS,PALO VERDE
PRIVADA PALO VERDE,PALO VERDE
PALO VERDE FINAL,PALO VERDE INDEUR
PALO VERDE INDEUR LOS OLIVOS,PALO VERDE INDEUR
PALO VERDE NORTE,PALO VERDE INDEUR
PALO VERDE SUR,PALO VERDE INDEUR
PALOVERDE INDEUR LOS OLIVOS,PALO VERDE INDEUR
ANTONIO PARADA CANO,PARADA CANO
PAQUE CENTRAL,PARQUE CENTRAL
PARQUE CENTRAL,PARQUE CENTRAL
PARQUE MADERO,PARQUE CENTRAL
PARQUE VERSALLES RESID.,PARQUE CENTRAL
MICROPARQUE INDUSTRIAL,PARQUE INDUSTRIAL
P. INDUSTRIAL,PARQUE INDUSTRIAL
P. INDUSTRIAL LA LABOR,PARQUE INDUSTRIAL
PARQUE INDUSTRIAL,PARQUE INDUSTRIAL
PARQUE INDUSTRIAL DAMOSA,PARQUE INDUSTRIAL
PARQUE INDUSTRIAL HERMOSILLO,PARQUE INDUSTRIAL
PARQUE INDUSTRIAL PIMEX,PARQUE INDUSTRIAL
PARQUE INDUSTRIAL SONORA,PARQUE INDUSTRIAL
MICROPARQUE INDUSTRIAL NORTE,PARQUE INDUSTRIAL DINATECH
P. INDUSTRIAL DYNATECH,PARQUE INDUSTRIAL DINATECH
PARQUE INDUSTRIAL LATITUDE,PARQUE INDUSTRIAL DINATECH
PARQUE INDUSTRIAL MONTE ALBAN,PARQUE INDUSTRIAL DINATECH
PARQUE INDUSTRIAL NORTE,PARQUE INDUSTRIAL DINATECH
PASEO CASA BLANCA,PASEO CASA BLANCA
FRACC. PASEO DEL CID,PASEO DE LA COLINA
PASEO DE LA COLINA I,PASEO DE LA COLINA
PASEO DEL CID,PASEO DE LA COLINA
PASEO DE LAS MARGARITAS,PASEO DE LAS MARGARITAS
PASEO DE LAS RIVIERAS,PASEO DE LAS MARGARITAS
PASEO DE LAS MISIONES,PASEO DE LAS MISIONES
PASEO DE PALMAS,PASEO DE PALMAS
PASEO DEL PALMAR,PASEO DE PALMAS
DEL CID RESIDENCIAL,PASEO DEL CID RESIDENCIAL
PASEO DEL CID RESIDENCIAL,PASEO DEL CID RESIDENCIAL
PASEO DEL SOL,PASEO DEL SOL
PASEO REAL RESIDENCIAL,PASEO REAL RESIDENCIAL
PASEO SAN ANGEL,PASEO SAN ANGEL
PASEO SAN ANGEL II SECC. CERRADA LAS PLACITAS,PASEO SAN NGEL SECC LAS PLACITAS
"PASEO SAN ÁNGEL SECCIÓN LAS PLACITAS II,III, IV, V",PASEO SAN NGEL SECC LAS PLACITAS
"PLACITAS , EN EL EJIDO LAS PLACITAS",PASEO SAN NGEL SECC LAS PLACITAS
PASEO SAN ANGEL II SECC. LOS ALAMOS,PASEO SAN NGEL SECC LOS ALAMOS
PASEO DEL PEDREGAL,PASEOS DEL PEDREGAL
PASEODEL PEDREGAL,PASEOS DEL PEDREGAL
PRIVADA RESIDENCIAL DEL PEDREGAL,PASEOS DEL PEDREGAL
PASEOS DEL PEDREGAL SECC. DIAMANTE,PASEOS DEL PEDREGAL CERRADA DIAMANTE
PEDREGAL DE LA VILLA,PEDREGAL DE LA VILLA
PEMEX,PEMEX
PERIODISTA,PERIODISTA
PERIFERICO SUR,PERISUR
PERISUR,PERISUR
PESQUEIRA,PESQUEIRA
PILARES,PILARES
PIMENTEL,PIMENTEL
PITIC,PITIC
PLATINO,PLATINO
PLAZA DE LAS FRANQUICIAS,PLAZA DE LAS FRANQUICIAS
PLAZA GRANDE,PLAZA GRANDE
PLAZA SENDERO,PLAZA GRANDE
EL TAZAJAL,PLAZA REAL
PLAZA REAL,PLAZA REAL
PLUTARCO ELIAS CALLES,PLUTARCO ELIAS CALLES
POPULAR,POPULAR
PASEOS DE ROMANZA,PORTAL DE ROMANZA
PORTAL DE ROMANZA,PORTAL DE ROMANZA
VOLLAS DE ROMANZA,PORTAL DE ROMANZA
PORTAL DEL LAGO,PORTAL DEL LAGO
PORTON DEL ARCO,PORTAL DEL LAGO
PUNTA DEL LAGO,PORTAL DEL LAGO
PORTAL DEL PITIC,PORTAL DEL PITIC
POTRERO DE BUSHARD,POTRERO DE BUSHARD
PRADERAS DEL REAL,PRADERAS DEL REAL
PRADERAS DEL SOL,PRADERAS DEL SOL
PUERTA DEL SOL,PRADERAS DEL SOL
LAS PRADERAS DEL VALLE,PRADERAS DEL VALLE
PRADERAS DEL VALLE,PRADERAS DEL VALLE
PRADOS DEL CENTENARIO,PRADOS DEL CENTENARIO
VILLAS DEL CENTENARIO,PRADOS DEL CENTENARIO
PRADOS DEL SOL,PRADOS DEL SOL
VADO DEL RIO,PRADOS DEL SOL
PRIMAVERA,PRIMAVERA
PRIMAVERA\KINO VIEJO,PRIMAVERA
CARRETERA GUAYMAS - HERMOSILLO,PRIMERO HERMOSILLO
LOMAS DE HERMOSILLO,PRIMERO HERMOSILLO
PRIMERO HERMOSILLO,PRIMERO HERMOSILLO
REAL DE MA MARQUEZA,PRIV REAL DEL PARQUE
PRESIDENCIAL PENASCO,PRIV RESIDENCIAL MONACO
RESEIDENCIAL PENASCO,PRIV RESIDENCIAL MONACO
RESIDENCILA VENTURA,PRIV RESIDENCIAL MONACO
RESIDENCIOAL CORSICA,PRIV RESIDENCIAL MONACO
RESIENCIAL VILLA CONCORDIA,PRIV RESIDENCIAL MONACO
PRIVADA CORDOVA,PRIVADA CORDOVA
PASEO LAS LOMAS,PRIVADA DOS LAS LOMAS
LOMAS ALTAS,PRIVADA LOMA ALTA
FRESNOS ALAMEDA,PRIVADA PARQUE ALAMEDA
PRIVADA ROBLES,PRIVADA ROSALES
PRIVADA ROSALES,PRIVADA ROSALES
ROSALES,PRIVADA ROSALES
SARATOGA,PRIVADA SACRAMENTO
PRIVADA SATURNINO CAMPOY,PRIVADA SATURNINO CAMPOY
PRADOS DE BUGAMBILIAS,PRIVADAS DE BUGAMBILIAS
PRIVADAS DEL MIRADOR,PRIVADAS DE MIRADOR I
PRIVADAS DEL MIRADOR 2,PRIVADAS DE MIRADOR I
LAS LOMAS PRIVADA DEL BOSQUE,PRIVADAS DEL BOSQUE
PRIVADAS DEL BOSQUE,PRIVADAS DEL BOSQUE
PRIVADAS DEL REAL,PRIVADAS DEL REAL
PRIVADAS DEL REAL II,PRIVADAS DEL REAL
PRIVADAS DEL REAL SUR,PRIVADAS DEL REAL
PRIVADAS DE REY,PRIVADAS DEL REY
PRIVADAS DEL REY,PRIVADAS DEL REY
PUERAT DEL REY,PRIVADAS DEL REY
PRIVADAS DEL REY VII ETAPA,PRIVADAS DEL REY ETAPA II
PRIVADAS DE SAN LORENZO,PRIVADAS DEL SAUCE
PRIVADAS DEL SAUCE,PRIVADAS DEL SAUCE
PROGRESISTA,PROGRESISTA
EL PROGRESO,PROGRESO
NUEVO POROGRESO,PROGRESO
NUEVO PROGRESO,PROGRESO
PROGRESO\BAHIA DE KINO,PROGRESO\BAHIA DE KINO
ESTADIO NUEVO SONORA,PROYECTO RIO SONORA
ESTADIO SONORA,PROYECTO RIO SONORA
PROYECTO RIO SONORA,PROYECTO RIO SONORA
PROYECTO RIO SONORA HERMOSILLO XXI,PROYECTO RIO SONORA
PUBLITOS,PUEBLITOS
PUEBLITOS,PUEBLITOS
PUEBLITOS CERRADA GUARIJIOS,PUEBLITOS SECC GUARIJIOS
PUEBLITOS SECC PAPAGOS,PUEBLITOS SECC PAPAGOS
PUEBLO ALEGRE,PUEBLO ALEGRE
PUEBLO GRANDE,PUEBLO ALEGRE
PUEBLO ALTO,PUEBLO ALTO
PUEBLO DE ALAMOS,PUEBLO ALTO
PUEBLO NUEVO,PUEBLO ALTO
PUEBLO BONITO,PUEBLO BONITO
PUEBLO DE ORO,PUEBLO DEL ORO
PUEBLO DEL ANGEL,PUEBLO DEL SOL
PUEBLO DEL SOL,PUEBLO DEL SOL
PUEBLO DEL SOL SECC ANDINA,PUEBLO DEL SOL
PUEBLO DEL SOL SECC. ALBINA,PUEBLO DEL SOL
PUEBLO DEL ÁNGEL,PUEBLO DEL SOL
PUEBLO ESCONDIDO,PUEBLO ESCONDIDO
PUERTA DE HIERRO,PUERTA DE HIERRO
PUERTA DEL REY,PUERTA DEL REY ETAPA III
PUERTA DEL REY ETAPA VI,PUERTA DEL REY ETAPA III
PUERTA DEL REY SEGUNDA ETAPA,PUERTA DEL REY ETAPA III
PUERTA DEL REY ALCALA,PUERTA DEL REY SECCIN GALICIA
PUERTA DEL REY SECC. GALICIA,PUERTA DEL REY SECCIN GALICIA
PUERTA DEL REY SECC. ALTADENA,PUERTA DEL REY SECCION ALTADENA
PUERTA DEL REY SECCION ALCADENA,PUERTA DEL REY SECCION ALTADENA
PUERTA DEL REY SECC. CALAFIA,PUERTA DEL REY SECCION CALAFIA
PUERTA DEL REY SECC: CASTILLA,PUERTA DEL REY SECCION CALAFIA
URBI VILLA DEL REY III SECCION LOS ENCINOS ETAPA I,PUERTA DEL REY SECCION CALAFIA
PUERTA DEL REY SECC 3,PUERTA DEL REY SECCION CUEVAS
PUERTA DEL REY SECC. CUEVA,PUERTA DEL REY SECCION CUEVAS
PUERTA DEL REY SECC. CUEVAS,PUERTA DEL REY SECCION CUEVAS
PUERTA DEL REY SECCION CORDOVA,PUERTA DEL REY SECCION CUEVAS
URBI VILLA DEL REY III SECCION ENCINOS 1,PUERTA DEL REY SECCION CUEVAS
VILLA DEL REY SECCION CASTAÑOS,PUERTA DEL REY SECCION CUEVAS
PUERTA REAL SECCION DIAMANTE,PUERTA DEL REY SECCION MONTELENA
PUERTA ESMERALDA,PUERTA ESMERALDA
PUERTA REAL RESIDENCIAL 8A ETAPA,PUERTA GRANDE RESIDENCIAL
"PUERTA REAL RESIDENCIAL II, III, IV, V, VI,VII",PUERTA GRANDE RESIDENCIAL
PUERTA REAL RESIDENCIAL IV,PUERTA GRANDE RESIDENCIAL
PUERTA REAL RESIDENCIAL SECC. CORDOVA,PUERTA GRANDE RESIDENCIAL
PUERTA REAL RESIDENCIAL V,PUERTA GRANDE RESIDENCIAL
PUERTA REAL RESIDENCIAL VII ETAPA,PUERTA GRANDE RESIDENCIAL
PUERTA REAL RESIDENCIAL X,PUERTA GRANDE RESIDENCIAL
PUERTA REAL RESIDENCIAL XX ETAPA,PUERTA GRANDE RESIDENCIAL
PUERAT REAL,PUERTA REAL
PUERTA DEL REAL,PUERTA REAL
PUERTA EL REY,PUERTA REAL
PUERTA GRANDE,PUERTA REAL
PUERTA REAL,PUERTA REAL
PUERTA REAL VI,PUERTA REAL
PUERTA REAL VIII,PUERTA REAL
PUERTA REAL XVIII,PUERTA REAL
PV.ARAGON,PV.ARAGON
PRIVADA QUINTA EMILIA,QUINTA EMILIA
QUINTA EMILIA,QUINTA EMILIA
QUINTA ESMELRALDA,QUINTA ESMERALDA
QUINTA ESMERAL,QUINTA ESMERALDA
QUINTA ESMERALDA,QUINTA ESMERALDA
QUINTA ESMERALDA|,QUINTA ESMERALDA
QUINTA ESPERALDA,QUINTA ESMERALDA
QUNTA ESMERALDA,QUINTA ESMERALDA
QUINTA LA PALOMA,QUINTA LA PALOMA
QUINTA REAL,QUINTA REAL
QUINTAS DEL SOL RESIDENCIAL,QUINTAS DEL SOL RESIDENCIAL
QUINTAS DEL SOL RESIDENCIAL ETAPA VII,QUINTAS DEL SOL RESIDENCIAL
"RACQUET CLUB II, SECC. NORTE","RACQUET CLUB II, SECC. NORTE"
RANCHO BONIT,RANCHO BONITO
RANCHO BONITO,RANCHO BONITO
RIO BONITO,RANCHO BONITO
RANCHO GRANDE,RANCHO GRANDE
RANCHO GRANDE ALTARES,RANCHO GRANDE
RACQUET CLUB II,RAQUET CLUB
RAQUET CLUB,RAQUET CLUB
DE LOS REYES,REAL DE LOS ARCOS
EJIDO LOS CHOROS,REAL DE LOS ARCOS
REAL DE 14,REAL DE MINAS
REAL DE MINAS,REAL DE MINAS
REAL DE QUIROGA,REAL DE QUIROGA
VALLE DEL QIROGA,REAL DE QUIROGA
VALLE DEL QUIROGA,REAL DE QUIROGA
PALERMO SECCION FERRARA,REAL DE QUIROGA SECCION MADRIGAL
REAL DE SEVILLA,REAL DE SEVILLA
REAL DE VALLE,REAL DE SEVILLA
REAL DEL SEBILLA,REAL DE SEVILLA
REAL SE SEVILLA,REAL DE SEVILLA
REAL DE TOLEDO,REAL DE TOLEDO
REAL DEL TOLEDO,REAL DE TOLEDO
RESIDENCIAL DE TOLEDO,REAL DE TOLEDO
RESIDENCIAL REAL DE TOLEDO,REAL DE TOLEDO
RESIDENCIAL TOLEDO,REAL DE TOLEDO
MEZQUITAL DEL ORO,REAL DEL CARDO
RAL DEL CARMEN,REAL DEL CARDO
REAL CARMEN,REAL DEL CARDO
REAL DE COBRE,REAL DEL CARDO
REAL DEL ARCO,REAL DEL CARDO
REAL DEL CARDO,REAL DEL CARDO
REAL DEL CARMEN,REAL DEL CARDO
REAL DEL COBRE,REAL DEL CARDO
REAL DE TOLEDO RESIDENCIAL,REAL DEL CARMEN RESIDENCIAL
REAL DEL CARMEN RESID.,REAL DEL CARMEN RESIDENCIAL
REAL DEL CARMEN RESIDENCIAL,REAL DEL CARMEN RESIDENCIAL
INVASION REALENGO,REAL DEL LLANO
REAL DEL ALAMITO,REAL DEL LLANO
REAL DEL LLANO,REAL DEL LLANO
REAL DE MONTEJO,REAL DEL MONTEJO
REAL DEL MONTEJO,REAL DEL MONTEJO
RESIDENCIAL DEL MONTE,REAL DEL MONTEJO
RED 2000,RED 2000
PARQUE MADERO NORTE,REFORMA NORTE
REFORMA,REFORMA NORTE
MESA VERDE RESIDENCIAL,RENACERES RESIDENCIAL
H. AYUNTAMIENTO,RENACIMIENTO
LIBRAMIENTO,RENACIMIENTO
RENACIMIENTO,RENACIMIENTO
ALAMOS,RESIDENCIAL ALAMOS
FLAMINGOS,RESIDENCIAL ALAMOS
ARIZONA,RESIDENCIAL ARIZONA
BRETAÑA,RESIDENCIAL BRITANIA
CLUB BRITANIA,RESIDENCIAL BRITANIA
SABINOSBRITANIA,RESIDENCIAL BRITANIA
CAPISTRANO,RESIDENCIAL CAPISTRANO
CAPISTRANO 4TA SECCION,RESIDENCIAL CAPISTRANO
RESIDENCIAL CAPISTRANO,RESIDENCIAL CAPISTRANO
ESTANZA,RESIDENCIAL DE ANZA
RESIDENCIAL DE ANZA,RESIDENCIAL DE ANZA
RESIDENCIAL ESTANZA,RESIDENCIAL DE ANZA
RESIDENCIAL FIRENCE,RESIDENCIAL FIRENCE
RESIDENCIAL FRESNOS,RESIDENCIAL FRESNOS
GALA,RESIDENCIAL GALA
RESIDENCIAL GALA,RESIDENCIAL GALA
KINO,RESIDENCIAL KINO
RESIDENCIAL KINO,RESIDENCIAL KINO
LA CIMA,RESIDENCIAL LA CIMA
LA CIMA2,RESIDENCIAL LA CIMA
FRACC HACIENDAS,RESIDENCIAL LA HACIENDA
HACIENDAS,RESIDENCIAL LA HACIENDA
LAS HACIENDAS,RESIDENCIAL LA HACIENDA
RESIDENCIAL HACIENDAS,RESIDENCIAL LA HACIENDA
RESIDENCIAL LA HACIENDA,RESIDENCIAL LA HACIENDA
LA RIOJA NORTE,RESIDENCIAL LA RIOJA NORTE
RESIDENCIAL RIOJA NORTE,RESIDENCIAL LA RIOJA NORTE
MEDITERRANEO,RESIDENCIAL MEDITERRANEO
NAVARRETE,RESIDENCIAL NAVARRETE
RESIDENCIAL NAVARRETE,RESIDENCIAL NAVARRETE
RESIDENCIAL PEÑASCO,RESIDENCIAL PEÑASCO
RESIDENCIAL PIMA,RESIDENCIAL PIMA
REAL DE CASTILA,RESIDENCIAL REAL DE CASTILLA
REAL DE CASTILLA,RESIDENCIAL REAL DE CASTILLA
SAN ANTONIO,RESIDENCIAL SAN ANTONIO
SANTO NIÑO,RESIDENCIAL SAN ANTONIO
SANTA FE,RESIDENCIAL SANTA FE
SANTE FE,RESIDENCIAL SANTA FE
VALLE DE LAGO,RESIDENCIAL VALLE DEL LAGO
VALLES DEL LAGO,RESIDENCIAL VALLE DEL LAGO
VALLES DEL LAGO SECC ATARDECER,RESIDENCIAL VALLE DEL LAGO
VALLES DEL LAGO SECC. ATARDECER,RESIDENCIAL VALLE DEL LAGO
INVASION VILLA BONITA,RESIDENCIAL VILLA BONITA
RESIDENCIAL VILLA BONITA,RESIDENCIAL VILLA BONITA
VILLA BONITA,RESIDENCIAL VILLA BONITA
VILLA FLORENCIA,RESIDENCIAL VILLA FLORENCIA
FRACC. RETORNO DE LA MISION,RETORNO DE LA MISION
RETORNO EL DORADO PRIMERA SECC.,RETORNO EL DORADO PRIMERA SECC.
REVOLUCION 1,REVOLUCION 1
REVOLUCION 2,REVOLUCION 2
REVOLUCIÓN I,REVOLUCION 2
REVOLUCIÓN II,REVOLUCION 2
RINCON AGRADABLE,RINC0N AGRADABLE
RANCHO LAS COCHERAS,RINCON DE LAS FLORES
RINCÓN DE PALMAS,RINCON DE PALMAS
RINCON DE MARQUEZ,RINCON DEL MARQUEZ
RINCÓN DEL MARQUEZ,RINCON DEL MARQUEZ
RINCONADA DE LA CRUZ,RINCONADA DE LA CRUZ
RINCONADA NUEVO LEON,RINCONADA DE LA CRUZ
RINCÓN DE LA HERRADURA,RINCONADA DE LA CRUZ
RIO GRANDE,RIO GRANDE
RIVELLO RESIDENCIAL,RIVELLO RESIDENCIAL
ROMANZA RESIDENCIAL,ROMANZA RESIDENCIAL
STANZA RESIDENCIAL,ROMANZA RESIDENCIAL
VILLA DE ROMANZA RESIDENCIAL,ROMANZA RESIDENCIAL
VILLA ROMANZA RESIDENCIAL,ROMANZA RESIDENCIAL
RURAL,RURAL
SACRAMENTO RESIDENCIAL,SACRAMENTO RESIDENCIAL
SARATOGA RESIDENCIAL,SACRAMENTO RESIDENCIAL
SAHUARO,SAHUARO
SAHUARO FINAL,SAHUARO FINAL
SAHUARIA INDECO,SAHUARO INDECO
SAHUARO INDECO,SAHUARO INDECO
SALVADOR ALVARADO\MIGUEL ALEMAN (LA DOCE),SALVADOR ALVARADO\MIGUEL ALEMAN (LA DOCE)
SALVATIERRA RESIDENCIAL,SALVATIERRA RESIDENCIAL
CASA GRANDE RESIDENCIAL,SAN ANDRES RESIDENCIAL
CASA GRANDE RESIDENCIAL I,SAN ANDRES RESIDENCIAL
SAN ANDRÉS RESIDENCIAL,SAN ANDRES RESIDENCIAL
SAN ANGEL,SAN ANGEL
COLONIA SAN BENITO,SAN BENITO
SAN BENITO,SAN BENITO
YANITO,SAN BENITO
SAN BERNARDINO,SAN BERNARDINO
SAN BOSCO,SAN BOSCO
SAN MARCOS RESIDENCIAL,SAN CARLOS RESIDENCIAL
SAN FRANCISCO,SAN FRANCISCO
SAN FRANCISCO RESIDENCIAL,SAN FRANCISCO VALLE RESIDENCIAL
PRIV. SAN GERMAN,SAN GERMAN
SAN GERMAN,SAN GERMAN
SAN ISIDRO,SAN ISIDRO
SAN ISIDRO/ EL TRIUNFITO,SAN ISIDRO
SAN ISISDRO,SAN ISIDRO
SAN PEDRO,SAN ISIDRO
SAN DIEGO,SAN JAVIER
SAN JAVIER,SAN JAVIER
MISIÓN SAN JERÓNIMO,SAN JERONIMO
SAN JERONIMO,SAN JERONIMO
PIE DE CASAS LAS MINITAS,SAN JOSE DE LAS MINITAS
SA JOSE DE LAS MINITAS,SAN JOSE DE LAS MINITAS
SAN JOSE DE LAS MINITAS,SAN JOSE DE LAS MINITAS
SAN JOSE DE MORADILLAS,SAN JOSE DE LAS MINITAS
SAN JUAN,SAN JUAN
SAN JUDAS TADEO,SAN JUDAS TADEO
ESTANZA FLORENZA,SAN LORENZO
FRACC. ESTANZA FLORENZA,SAN LORENZO
PRIVADA SAN LORENZO,SAN LORENZO
SAN LORENZO,SAN LORENZO
VILLA DE SAN LORENZO,SAN LORENZO
VILLA SAN LORENZO,SAN LORENZO
INVASION SAN LUIS,SAN LUIS
SAN LUIS,SAN LUIS
SAN LUIS NORTE,SAN LUIS REY
SAN LUIS REY,SAN LUIS REY
SAN MARCOS,SAN MARCOS
SAN MARCOS II,SAN MARCOS
SAN MASRCOS,SAN MARCOS
SANMARCOS,SAN MARCOS
SAN PABLO,SAN PABLO
SAN PEDRO EL SAUCITO,SAN PEDRO EL SAUCITO
SAN SEBASTIÁN,SAN SEBASTIAN
SUBASTA,SAN SEBASTIAN
SAN ANITA RESIDENCIAL,SANTA ANITA RESIDENCIAL
SANTA LUCIA RESIDENCIAL,SANTA ANITA RESIDENCIAL
SANTA BARBARA,SANTA BARBARA
SANTA BÁRBARA,SANTA BARBARA
FRACC SANTA CLARA,SANTA CLARA
SANTA CLARA,SANTA CLARA
SANTA ISABEL,SANTA ISABEL
PRIVADA SANTA LUCIA,SANTA LUCIA
SANTA CECILIA,SANTA LUCIA
SANTA LUCIA,SANTA LUCIA
SANTA LUCIA III ETAPA,SANTA LUCIA
SANTA MONICA,SANTA LUCIA
FRACC.SANTA ANITA,SANTA MARTHA
SANTA ANITA,SANTA MARTHA
SANTA MARIA,SANTA MARTHA
SANTA MARTHA,SANTA MARTHA
PRIVADA SANTA ROSA,SANTA REGINA
SECTOR A\MIGUEL ALEMAN (LA DOCE),SECTOR A\MIGUEL ALEMAN (LA DOCE)
SECTOR B\MIGUEL ALEMAN (LA DOCE),SECTOR B\MIGUEL ALEMAN (LA DOCE)
SECTOR CTEL FFCC,SECTOR CTEL FFCC
SECTOR C\MIGUEL ALEMAN (LA DOCE),SECTOR C\MIGUEL ALEMAN (LA DOCE)
SECTOR D\MIGUEL ALEMAN (LA DOCE),SECTOR D\MIGUEL ALEMAN (LA DOCE)
ESMERALDA RESIDENCIAL,SEDONA RESIDENCIAL
SEDONA RESIDENCIAL,SEDONA RESIDENCIAL
SEMINARIO,SEMINARIO RDCIAL
SEMINARIO RDCIAL,SEMINARIO RDCIAL
CIENA RESIDENCIAL,SIENA RESIDENCIAL
ESTANSA RESIDENCIAL,SIENA RESIDENCIAL
SIENNA RESIDENCIAL,SIENA RESIDENCIAL
CASA BONITA,SIERRA BONITA
CASA BONITA 2,SIERRA BONITA
SIERRA BONITA,SIERRA BONITA
TIERRA BONITA,SIERRA BONITA
SIERRA CLARA,SIERRA CLARA
SIERRA ALTA,SIERRA VISTA
SIERRA VISTA,SIERRA VISTA
SIN CLASIFICAR,SIN CLASIFICAR
SIN NOMBRE,SIN NOMBRE 62
EJIDO EL TRIUNFITO,SOL AGUILAR (EL TRIUNFO)
EJIDO EL TRIUNFO,SOL AGUILAR (EL TRIUNFO)
SOL AGUILAR,SOL AGUILAR (EL TRIUNFO)
SOL AGUILAR (EL TRIUNFO),SOL AGUILAR (EL TRIUNFO)
SOLEIL RESIDENCIAL,SOLEIL RESIDENCIAL
SOLEIL RESIDENCIAL ETAPA 3,SOLEIL RESIDENCIAL
SOLEIL RESIDENCIAL ETAPA 4,SOLEIL RESIDENCIAL
SOILIDARIDAD,SOLIDARIDAD
SOLIDARIDAD,SOLIDARIDAD
SOLIDARIDAD IV ETAPA,SOLIDARIDAD
SOLIDARIDAD V,SOLIDARIDAD
SOLIDARIDAD V ETAPA,SOLIDARIDAD
FRACC SEDONA,SONACER
SONACER,SONACER
SONOMEX,SONOMEX
ESTANZA FLORECIA,STANZA FLORENZA RESIDENCIAL
STANZA,STANZA SOLARE
STANZA SOLARE,STANZA SOLARE
ESTAUS,STAUS
STAUS,STAUS
VISTAS,STAUS
TERRABLANCA,TERRA BLANCA
TORRALBA,TERRA BLANCA
TERRANOVA,TERRANOVA
RESIDENCIAL TERRAZAS DEL MIRADOR,TERRAZAS DEL MIRADOR
TERRENO TELEFONISTAS,TERRENO TELEFONISTAS
TERRENOS CAMPESTRES NUEVO AMANECER,TERRENOS CAMPESTRES NUEVO AMANECER
CERRO COLORADO,TIERRA COLORADA
SIERRA COLORADA,TIERRA COLORADA
TIERRA COLORADA,TIERRA COLORADA
TIERRA NUEVA,TIERRA NUEVA
TIERRA NUEVA QUINTA ETAPA,TIERRA NUEVA
TIRO AL BLANCO,TIRO AL BLANCO
TIROCAPES,TIROCAPES
BOSCO RESIDENCIA,TOPACIO RESIDENCIAL
TOPACIO RESIDENCIAL,TOPACIO RESIDENCIAL
TOPAHUE,TOPAHUE
ROSARIO I. DE PIEDRA,TORRE DE PIEDRA
FRACC: RIO DE PLATA,TORRE DE PLATA
RIO DE PLATA,TORRE DE PLATA
TORRE PLATA,TORRE DE PLATA
TORREPLATA,TORRE DE PLATA
TOSALI,TOSALI
TRINIDAD SANCHEZ LEYVA,TRINIDAD SANCHEZ LEYVA
TRONCONAL,TRONCONAL
TUBAC,TUBAC
TUMACACORI,TUMACACORI
UNA COLONIA AL SUR DE VISTA REAL,UNA COLONIA AL SUR DE VISTA REAL
4TA ZONA MILITAR,UNIDAD HABITACIONAL ZONA MILITAR
UNIÓN DE COLONOS,UNION DE COLONOS
UNION DE LADRILLEROS,UNION DE LADRILLEROS
UNIÓN DE LADRILLEROS,UNION DE LADRILLEROS
UNUIN DE LADRILLEROS,UNION DE LADRILLEROS
PRIVADA UNIVERSIDAD,UNIVERSIDAD
UNIVERSIDAD DE SONORA,UNIVERSIDAD
URBI DE ALAMEDA LOS FRENOS,URBI ALAMEDA LOS ENCINOS
URBI ALAMEDA LOS ENCINOS RESIDENCIAL I,URBI ALAMEDA LOS ENCINOS II
URBI ALAMEDA LOS ENCINOS RESIDENCIAL II,URBI ALAMEDA LOS ENCINOS II
ALAMEDA LOS FRESNOS,URBI ALAMEDA LOS FRESNOS RDCIAL
URBI ALAMEDA SECCION LOS FRESNO,URBI ALAMEDA LOS FRESNOS RDCIAL
URBI VILLA ALAMEDA FRESNOS,URBI ALAMEDA LOS FRESNOS RDCIAL
FRACC. URBI VILLA DEL CEDRO,URBI VILLA DEL CEDRO
URBI VILLA DEL CEDRO,URBI VILLA DEL CEDRO
URBI VILLA DEL CEDRO SECCION 2,URBI VILLA DEL CEDRO
URBI VILLA DEL PRADO,URBI VILLA DEL CEDRO
VILLA DE CEDROS,URBI VILLA DEL CEDRO
FRACC. URBIVILLA CAMPESTRE,URBI VILLA DEL REY
URBI VILLA,URBI VILLA DEL REY
URBI VILLA CAMPESTRE,URBI VILLA DEL REY
URBI VILLA DE LOS FRESNOS,URBI VILLA DEL REY
URBI VILLA DEL REY,URBI VILLA DEL REY
URBI VILLA DEL REY II,URBI VILLA DEL REY
URBI VILLA SECCION FRESNOS,URBI VILLA DEL REY
VALLADOLID,VALLADOLID
VALLE BONITO,VALLE BONITO
AGUALURCA,VALLE DE AGUALURCA
VALLE DE AGUALURCA,VALLE DE AGUALURCA
VALLE DE SANTA MONICA,VALLE DE AGUALURCA
VALLE DE ARANDAS,VALLE DE ARANDAS
VILLA DE ARANDAS,VALLE DE ARANDAS
VALLE DE LOS ALMENDROS,VALLE DE LOS ALMENDROS
VALLES DEL LAGO SECC. AMANECERES,VALLE DE LOS ALMENDROS
VALLE DE JEREZ,VALLE DE MARQUEZ
VALLE DE MARQUEZ,VALLE DE MARQUEZ
VALLE DLE MARQUEZ,VALLE DE MARQUEZ
CALLE 28 NORTE,VALLE DEL PORTAL
VALLE DEL PORTAL,VALLE DEL PORTAL
VALLE DEL SOL,VALLE DEL SOL
VILLA DEL SOL,VALLE DEL SOL
VALLE DORADO,VALLE DORADO
VALLE ESCONDIDO,VALLE ESCONDIDO
VALLE GRANDE,VALLE GRANDE
VALLE HERMOSO,VALLE HERMOSO
VALLE VERDE,VALLE VERDE
VILLA VERDE,VALLE VERDE
FRACCIONAMIENTO VELAS,VELAS
VEREDAS,VELAS
VENDIMIAS,VENDIMIAS
VERONA RESIDENCIAL,VERONA RESIDENCIAL
VERONICA ANZURES,VERONICA ANZURES
VERSALLES,VERSALLES
RESIDENCIAL ALTACALIFORNIA,VILLA CALIFORNIA
VILLA CALIFORNIA,VILLA CALIFORNIA
VILLA CALIFORNIA SECC. CORDOVA,VILLA CALIFORNIA
VILLA COLONIA,VILLA COLONIAL
VILLA COLONIAL,VILLA COLONIAL
VILLA DE LOS CORCELES SECC. BRAVANTE,VILLA DE LOS CORCELES SECC. BRAVANTE
VILLA DE PARRAS,VILLA DE PARRAS
VILLAS DE PARRAS,VILLA DE PARRAS
EJIDO MESA DE SERI,VILLA DE SERIS
VILLA DE SERIS,VILLA DE SERIS
VILLA DE SERIS NORTE,VILLA DE SERIS
VILLA DE SERIS SUR,VILLA DE SERIS
VILLA DEL SERI,VILLA DE SERIS
VILLA DEL SERI NORTE,VILLA DE SERIS
VILLA DE SANTA MONICA,VILLA DEL PITIC
VILLA DEL PITIC,VILLA DEL PITIC
VILLAS DEL PITIC,VILLA DEL PITIC
VILLA DORADA,VILLA DORADA
VILLAS DE COLORADA,VILLA DORADA
ESMERALDA,VILLA ESMERALDA
FRACCIONAMIENTO ESMERALDA,VILLA ESMERALDA
LA JOYA VILLA DE LAS ESMERALDAS,VILLA ESMERALDA
RESIDENCIAL ESMERALDA,VILLA ESMERALDA
VILLA FONTANA,VILLA FONTANA
PREDIO GUADALUPE,VILLA GUADALUPE
VILLA GUADALUPE,VILLA GUADALUPE
VILLA HERMOSA,VILLA HERMOSA
VISTA HERMOSA,VILLA HERMOSA
VILLA LOURDES,VILLA LOURDES
VILLA DE CORCELES,VILLA MERCEDES
VILLA MERCEDES,VILLA MERCEDES
VILLA RESIDENCIAL BONITA ETAPA I AL XII,VILLA RESIDENCIAL BONITA ETAPA I AL XII
VILLA SATÉLITE,VILLA SATELITE
VILLA CORSO,VILLA SOL
VILLA FRESNOS,VILLA SOL
VILLA SOL,VILLA SOL
VILLA TOLEDO,VILLA SOL
INVASION NUEVO SONORA,VILLA SONORA
RIO SONORA,VILLA SONORA
VILLA SONORA,VILLA SONORA
NUEVA VILLA SUREÑA,VILLA SUREÑA
VILLA REAL,VILLA SUREÑA
VILLA SAUCES,VILLA SUREÑA
VILLA SURENA,VILLA SUREÑA
VILLA SUREÑA,VILLA SUREÑA
VILLASUREÑA,VILLA SUREÑA
FRACC. VILLAS ROMANZA,VILLA TOSCANA
VILLA TOSCANA,VILLA TOSCANA
VILLAS DEL SUR CERRADA VILLLA GUADALUPE,VILLA VERDE CERRADA SAN JUDAS
VILLA VERDE 4 ETAPA,VILLA VERDE CERRADA SAN NOE
VILLA VERDE IV ETAPA,VILLA VERDE CERRADA SAN NOE
VILLA VERDE 5TA ETAPA,VILLA VERDE CERRADA SAN PEDRO
VILLA CORTEZ,VILLAS DEL CORTEZ
VILLA DE LOS CORCELES,VILLAS DEL CORTEZ
VILLA DEL CORTES,VILLAS DEL CORTEZ
VILLAS DE CORTES,VILLAS DEL CORTEZ
VILLAS DE CORTEZ,VILLAS DEL CORTEZ
VILLAS DE SAN LORENZO,VILLAS DEL CORTEZ
VILLAS DEL CORTES,VILLAS DEL CORTEZ
VILLAS DEL SAN LORENZO,VILLAS DEL CORTEZ
EL CORTIJO,VILLAS DEL CORTIJO
VILLA DEL CORTIJO,VILLAS DEL CORTIJO
VILLAS DEL CORTIJO,VILLAS DEL CORTIJO
CALIFORNIA SECC. MEDITERRANEO,VILLAS DEL MEDITERRANEO
"VILLAS DEL MEDITERRÁNEO ETAPA II, III",VILLAS DEL MEDITERRANEO
VILLA DE ALCALA,VILLAS DEL PALMAR
VILLAS DE PALMAR,VILLAS DEL PALMAR
VILLAS DEL PALMAR,VILLAS DEL PALMAR
VILLA DEL COLORADO,VILLAS DEL PRADO
VILLA DEL PRADO,VILLAS DEL PRADO
VILLAS DEL CERRO COLORADO,VILLAS DEL PRADO
VILLAS DEL PRADO,VILLAS DEL PRADO
VILLA DE REAL,VILLAS DEL REAL
VILLA DEL REAL,VILLAS DEL REAL
VILLA DEL REY,VILLAS DEL REAL
QUINTAS DEL SUR,VILLAS DEL SUR
VILLA DE LOS SAUCES,VILLAS DEL SUR
VILLA DEL SUR,VILLAS DEL SUR
VILLAS DE TURIN,VILLAS DEL SUR
VILLAS DEL SERI,VILLAS DEL SUR
BILBAO RESIDENCIAL,VILLAS RESIDENCIAL
MILLAN RESIDENCIAL.,VILLAS RESIDENCIAL
URBI VILLA FRESNOS RESIDENCIAL,VILLAS RESIDENCIAL
VERSALLES RESIDENCIAL,VILLAS RESIDENCIAL
VILLA MERLOT RESIDENCIAL,VILLAS RESIDENCIAL
VILLA RESIDENCIAL,VILLAS RESIDENCIAL
"VILLA RESIDENCIAL BONITA IX,X,XI Y XII",VILLAS RESIDENCIAL
VILLA RESIDENCIAL MILAN,VILLAS RESIDENCIAL
VILLA RESIDENCIAL VILLA BONITA,VILLAS RESIDENCIAL
INV 3 REYES,VIRREYES
INVASION 3 REYES,VIRREYES
VIRREYES,VIRREYES
PUNTA BELLA,VISTA BELLA
VISTA BELLA,VISTA BELLA
VILLA DEL LAGO,VISTA DEL LAGO
VISTA DEL LAGO,VISTA DEL LAGO
FRACC. VISTA REAL,VISTA REAL
VISTA REAL,VISTA REAL
LOS VIÑEDOS I,VIÑEDOS
VIÑEDOS,VIÑEDOS
Y GRIEGA,Y GRIEGA
ZONA INDUSTRIAL,ZONA INDUSTRIAL
ZONA MILITAR CUARTEL XV,ZONA MILITAR CUARTEL XV
